{"stats":{"minecraft:used":{"minecraft:light_blue_stained_glass_pane":2,"minecraft:polished_granite_stairs":45,"minecraft:light_gray_stained_glass_pane":60,"minecraft:smooth_quartz_slab":8,"minecraft:spruce_slab":320,"minecraft:dispenser":2,"minecraft:poppy":5,"minecraft:ladder":4,"minecraft:oak_sign":10,"minecraft:chest":31,"minecraft:white_terracotta":152,"minecraft:stone":13557,"minecraft:brown_concrete":8,"minecraft:iron_sword":200,"minecraft:zombie_spawn_egg":85,"minecraft:red_nether_brick_stairs":1,"minecraft:grass":46,"minecraft:tube_coral":9,"minecraft:green_terracotta":40,"minecraft:spruce_leaves":100,"minecraft:birch_pressure_plate":2,"minecraft:brick_slab":19,"minecraft:nether_bricks":498,"minecraft:orange_wool":8,"minecraft:pink_terracotta":6,"minecraft:acacia_button":4,"minecraft:cyan_wool":26,"minecraft:stripped_spruce_log":16,"minecraft:milk_bucket":1,"minecraft:glass":11,"minecraft:cyan_terracotta":693,"minecraft:bricks":1695,"minecraft:quartz_pillar":82,"minecraft:red_wool":23,"minecraft:black_stained_glass_pane":45,"minecraft:lantern":25,"minecraft:grass_block":247,"minecraft:polished_andesite_stairs":738,"minecraft:dark_oak_leaves":15,"minecraft:dark_oak_slab":75,"minecraft:mossy_cobblestone_slab":11,"minecraft:diorite_wall":1,"minecraft:stone_brick_stairs":226,"minecraft:stone_bricks":4476,"minecraft:item_frame":64,"minecraft:birch_button":6,"minecraft:red_carpet":38,"minecraft:repeater":35,"minecraft:redstone_lamp":44,"minecraft:bow":324,"minecraft:brown_carpet":12,"minecraft:oak_sapling":80,"minecraft:acacia_fence":3,"minecraft:polished_diorite_stairs":19,"minecraft:skeleton_skull":7,"minecraft:large_fern":9,"minecraft:dark_oak_sapling":131,"minecraft:light_blue_carpet":1,"minecraft:dark_oak_stairs":2,"minecraft:mossy_stone_bricks":118,"minecraft:diorite":1,"minecraft:tube_coral_fan":13,"minecraft:end_stone_bricks":18,"minecraft:brick_wall":12,"minecraft:spruce_door":2,"minecraft:dropper":6,"minecraft:stripped_acacia_log":30,"minecraft:stripped_birch_log":58,"minecraft:dark_oak_sign":11,"minecraft:gray_carpet":79,"minecraft:oak_planks":290,"minecraft:orange_tulip":3,"minecraft:polished_diorite_slab":15,"minecraft:mossy_stone_brick_stairs":20,"minecraft:redstone_block":17,"minecraft:end_stone_brick_slab":34,"minecraft:clay":178,"minecraft:sugar_cane":73,"minecraft:oak_leaves":35,"minecraft:white_wool":11,"minecraft:sand":177,"minecraft:smooth_red_sandstone":113,"minecraft:blast_furnace":1,"minecraft:light_gray_terracotta":241,"minecraft:crossbow":31,"minecraft:yellow_concrete":28,"minecraft:acacia_leaves":36,"minecraft:sponge":1,"minecraft:chiseled_quartz_block":8,"minecraft:gray_concrete":40,"minecraft:stone_brick_wall":13,"minecraft:birch_fence":34,"minecraft:redstone_torch":10,"minecraft:black_terracotta":62,"minecraft:lever":8,"minecraft:green_concrete":12,"minecraft:red_sandstone":38,"minecraft:black_concrete":2429,"minecraft:acacia_door":24,"minecraft:zombie_head":2,"minecraft:light_gray_concrete":8,"minecraft:gray_stained_glass_pane":76,"minecraft:lime_carpet":2,"minecraft:birch_slab":25,"minecraft:barrier":325,"minecraft:stone_button":89,"minecraft:cyan_carpet":33,"minecraft:red_terracotta":92,"minecraft:polished_granite":86,"minecraft:iron_door":46,"minecraft:gravel":1246,"minecraft:polished_andesite_slab":764,"minecraft:diamond_sword":96,"minecraft:coal_block":4,"minecraft:wooden_sword":34,"minecraft:dark_oak_fence":59,"minecraft:smithing_table":3,"minecraft:andesite":228,"minecraft:smooth_stone_slab":538,"minecraft:white_concrete":13,"minecraft:coarse_dirt":853,"minecraft:bone_meal":791,"minecraft:oak_trapdoor":6,"minecraft:oak_fence":101,"minecraft:jungle_leaves":176,"minecraft:iron_bars":192,"minecraft:orange_concrete":20,"minecraft:acacia_log":23,"minecraft:flint_and_steel":56,"minecraft:dead_bush":17,"minecraft:white_tulip":3,"minecraft:red_concrete":69,"minecraft:redstone":240,"minecraft:zombie_villager_spawn_egg":1,"minecraft:light_gray_carpet":12,"minecraft:light_blue_terracotta":156,"minecraft:spruce_planks":580,"minecraft:stripped_birch_wood":7,"minecraft:wooden_shovel":162,"minecraft:netherrack":55,"minecraft:oak_door":8,"minecraft:brewing_stand":1,"minecraft:dirt":284,"minecraft:red_nether_brick_slab":15,"minecraft:anvil":6,"minecraft:white_carpet":25,"minecraft:spruce_stairs":71,"minecraft:cobblestone_wall":94,"minecraft:stone_stairs":1,"minecraft:nether_brick_slab":9,"minecraft:yellow_carpet":26,"minecraft:polished_granite_slab":17,"minecraft:granite":20,"minecraft:spruce_fence":34,"minecraft:nether_brick_stairs":1,"minecraft:polished_diorite":515,"minecraft:fern":6,"minecraft:birch_door":8,"minecraft:andesite_wall":5,"minecraft:mossy_cobblestone_stairs":29,"minecraft:stone_brick_slab":356,"minecraft:dark_oak_planks":140,"minecraft:red_tulip":8,"minecraft:bookshelf":30,"minecraft:iron_block":136,"minecraft:iron_axe":150,"minecraft:oak_stairs":2,"minecraft:brick_stairs":7,"minecraft:acacia_slab":34,"minecraft:jungle_log":3,"minecraft:smooth_quartz":16,"minecraft:barrel":13,"minecraft:glowstone":3,"minecraft:lime_concrete":22,"minecraft:black_stained_glass":63,"minecraft:tall_grass":15,"minecraft:iron_trapdoor":22,"minecraft:dark_oak_pressure_plate":9,"minecraft:white_stained_glass_pane":153,"minecraft:acacia_wood":11,"minecraft:stone_pressure_plate":16,"minecraft:cooked_beef":2,"minecraft:acacia_planks":5,"minecraft:orange_stained_glass_pane":40,"minecraft:water_bucket":987,"minecraft:nether_brick_wall":5,"minecraft:cobblestone_stairs":371,"minecraft:pink_tulip":3,"minecraft:tube_coral_block":20,"minecraft:birch_planks":123,"minecraft:polished_andesite":3000,"minecraft:lime_wool":6,"minecraft:red_nether_bricks":286,"minecraft:blue_wool":1,"minecraft:andesite_slab":42,"minecraft:cauldron":1,"minecraft:fletching_table":4,"minecraft:cobblestone_slab":628,"minecraft:spruce_fence_gate":1,"minecraft:cracked_stone_bricks":88,"minecraft:mossy_cobblestone":87,"minecraft:orange_carpet":17,"minecraft:lime_terracotta":80,"minecraft:terracotta":23,"minecraft:stripped_dark_oak_log":131,"minecraft:oak_slab":95,"minecraft:tnt":53,"minecraft:crafting_table":1,"minecraft:birch_sign":12,"minecraft:yellow_stained_glass_pane":1,"minecraft:campfire":7,"minecraft:painting":2,"minecraft:smoker":1,"minecraft:spruce_log":59,"minecraft:dark_oak_door":42,"minecraft:oak_log":144,"minecraft:gray_terracotta":205,"minecraft:piston":8,"minecraft:flower_pot":8,"minecraft:acacia_stairs":9,"minecraft:command_block":47,"minecraft:pig_spawn_egg":140,"minecraft:jungle_stairs":6,"minecraft:cyan_concrete":16,"minecraft:stone_slab":375,"minecraft:spruce_trapdoor":3,"minecraft:stone_axe":81,"minecraft:green_carpet":15,"minecraft:chiseled_stone_bricks":13,"minecraft:cobblestone":1375,"minecraft:potion":7,"minecraft:acacia_pressure_plate":3,"minecraft:jungle_door":3,"minecraft:grass_path":33,"minecraft:glass_pane":146,"minecraft:stripped_oak_log":3,"minecraft:kelp":34,"minecraft:gray_wool":12,"minecraft:smooth_stone":1582,"minecraft:splash_potion":3,"minecraft:birch_stairs":39},"minecraft:picked_up":{"minecraft:wooden_axe":1,"minecraft:yellow_wool":3,"minecraft:lead":2,"minecraft:potion":6,"minecraft:stone_brick_stairs":1,"minecraft:oak_sign":3,"minecraft:smooth_stone":12,"minecraft:spruce_planks":1,"minecraft:cobblestone_slab":8,"minecraft:dark_oak_door":1,"minecraft:blue_wool":1,"minecraft:acacia_log":1,"minecraft:porkchop":293,"minecraft:villager_spawn_egg":9,"minecraft:diorite":1,"minecraft:rotten_flesh":18,"minecraft:light_blue_wool":1,"minecraft:green_wool":1,"minecraft:cobblestone":93,"minecraft:birch_log":2,"minecraft:feather":2,"minecraft:iron_door":1,"minecraft:andesite":1,"minecraft:brown_wool":1,"minecraft:dirt":1279,"minecraft:lantern":1,"minecraft:acacia_planks":1,"minecraft:oak_planks":1,"minecraft:jungle_planks":1,"minecraft:orange_wool":1,"minecraft:polished_andesite":10,"minecraft:light_gray_terracotta":1,"minecraft:yellow_carpet":6,"minecraft:black_concrete":30,"minecraft:yellow_stained_glass_pane":4,"minecraft:granite":1,"minecraft:bread":1,"minecraft:oak_sapling":1,"minecraft:netherrack":4,"minecraft:bricks":28,"minecraft:lingering_potion":2,"minecraft:chicken":2,"minecraft:purple_wool":1,"minecraft:splash_potion":2,"minecraft:ladder":3,"minecraft:wooden_pickaxe":1,"minecraft:pink_wool":1,"minecraft:iron_axe":1,"minecraft:item_frame":8,"minecraft:magenta_wool":1,"minecraft:cyan_wool":1,"minecraft:light_gray_wool":2,"minecraft:lime_wool":1,"minecraft:stone":1,"minecraft:stone_button":16,"minecraft:cookie":3,"minecraft:redstone":3,"minecraft:light_gray_stained_glass_pane":1,"minecraft:stone_pressure_plate":1,"minecraft:dark_oak_planks":1,"minecraft:arrow":9,"minecraft:white_wool":1,"minecraft:salmon":2,"minecraft:leather":2,"minecraft:birch_planks":1,"minecraft:oak_log":316,"minecraft:cooked_mutton":1,"minecraft:red_carpet":12,"minecraft:stone_bricks":35,"minecraft:apple":3,"minecraft:gray_carpet":12,"minecraft:kelp":3,"minecraft:polished_andesite_stairs":28,"minecraft:red_wool":3,"minecraft:spruce_log":2,"minecraft:stone_axe":1,"minecraft:gray_wool":1,"minecraft:black_wool":1},"minecraft:killed":{"minecraft:chicken":2,"minecraft:pig":136,"minecraft:zombie_villager":1,"minecraft:trader_llama":2,"minecraft:zombie":20,"minecraft:wandering_trader":1,"minecraft:villager":1},"minecraft:dropped":{"minecraft:birch_planks":1,"minecraft:oak_log":82,"minecraft:lantern":1,"minecraft:jungle_planks":1,"minecraft:red_wool":1,"minecraft:purple_wool":1,"minecraft:dark_oak_planks":1,"minecraft:white_wool":1,"minecraft:green_wool":1,"minecraft:yellow_wool":1,"minecraft:blue_wool":1,"minecraft:lime_wool":1,"minecraft:oak_planks":1,"minecraft:stone_brick_stairs":1,"minecraft:magenta_wool":1,"minecraft:light_gray_stained_glass_pane":1,"minecraft:granite":1,"minecraft:gray_wool":1,"minecraft:diorite":1,"minecraft:light_blue_wool":1,"minecraft:brown_wool":1,"minecraft:polished_andesite_stairs":1,"minecraft:acacia_planks":1,"minecraft:redstone":1,"minecraft:light_gray_terracotta":1,"minecraft:light_gray_wool":2,"minecraft:orange_wool":1,"minecraft:cyan_wool":1,"minecraft:stone":1,"minecraft:spruce_planks":1,"minecraft:andesite":1,"minecraft:pink_wool":1,"minecraft:black_wool":1},"minecraft:custom":{"minecraft:interact_with_crafting_table":1,"minecraft:open_barrel":14,"minecraft:leave_game":46,"minecraft:time_since_death":26,"minecraft:sprint_one_cm":472882,"minecraft:drop":35,"minecraft:deaths":6,"minecraft:jump":4749,"minecraft:walk_on_water_one_cm":86790,"minecraft:play_one_minute":1369637,"minecraft:damage_dealt":10226,"minecraft:crouch_one_cm":105245,"minecraft:inspect_dispenser":8,"minecraft:inspect_dropper":3,"minecraft:interact_with_anvil":5,"minecraft:mob_kills":168,"minecraft:climb_one_cm":532,"minecraft:walk_one_cm":4096212,"minecraft:sneak_time":74430,"minecraft:walk_under_water_one_cm":245347,"minecraft:pot_flower":8,"minecraft:time_since_rest":64,"minecraft:damage_taken":150,"minecraft:swim_one_cm":65579,"minecraft:fly_one_cm":12748037,"minecraft:open_chest":120,"minecraft:fall_one_cm":1014},"minecraft:mined":{"minecraft:grass_block":1,"minecraft:oak_log":231}},"DataVersion":2230}