{"stats":{"minecraft:custom":{"minecraft:inspect_dropper":291,"minecraft:mob_kills":14,"minecraft:inspect_hopper":445,"minecraft:interact_with_crafting_table":6,"minecraft:open_shulker_box":21,"minecraft:leave_game":49,"minecraft:time_since_death":113898,"minecraft:climb_one_cm":18759,"minecraft:damage_resisted":12,"minecraft:sprint_one_cm":557702,"minecraft:walk_one_cm":3291878,"minecraft:drop":29,"minecraft:deaths":11,"minecraft:sneak_time":109965,"minecraft:walk_under_water_one_cm":3615865,"minecraft:boat_one_cm":16246,"minecraft:jump":7290,"minecraft:interact_with_brewingstand":1,"minecraft:walk_on_water_one_cm":271117,"minecraft:interact_with_furnace":2,"minecraft:play_one_minute":3998180,"minecraft:time_since_rest":113962,"minecraft:damage_taken":2975,"minecraft:damage_absorbed":60,"minecraft:trigger_trapped_chest":1,"minecraft:damage_dealt":2035,"minecraft:swim_one_cm":225792,"minecraft:fly_one_cm":15419794,"minecraft:open_chest":626,"minecraft:crouch_one_cm":110865,"minecraft:aviate_one_cm":2587200,"minecraft:fall_one_cm":20436,"minecraft:inspect_dispenser":52,"minecraft:horse_one_cm":5839},"minecraft:killed":{"minecraft:spider":3,"minecraft:skeleton":4,"minecraft:sheep":3,"minecraft:zombie":3},"minecraft:picked_up":{"minecraft:lingering_potion":2,"minecraft:birch_door":1,"minecraft:iron_chestplate":3,"minecraft:redstone_block":1,"minecraft:splash_potion":4,"minecraft:ladder":8,"minecraft:leather_leggings":2,"minecraft:diamond_sword":21,"minecraft:potion":6,"minecraft:gold_block":2,"minecraft:enchanted_book":11,"minecraft:diamond_horse_armor":3,"minecraft:shield":3,"minecraft:string":83,"minecraft:wooden_sword":8,"minecraft:cooked_salmon":9,"minecraft:white_stained_glass":1,"minecraft:sea_pickle":1,"minecraft:diamond_leggings":21,"minecraft:black_shulker_box":1,"minecraft:comparator":19,"minecraft:redstone_torch":24,"minecraft:enchanted_golden_apple":1,"minecraft:chest":11,"minecraft:lime_shulker_box":2,"minecraft:tipped_arrow":9,"minecraft:stone":1,"minecraft:orange_shulker_box":1,"minecraft:stone_button":20,"minecraft:diorite":16,"minecraft:magenta_shulker_box":1,"minecraft:carrot":14,"minecraft:redstone":982,"minecraft:prismarine_crystals":5,"minecraft:iron_horse_armor":7,"minecraft:stone_pressure_plate":2,"minecraft:tnt":2,"minecraft:diamond_chestplate":18,"minecraft:repeating_command_block":1,"minecraft:arrow":129,"minecraft:stone_sword":2,"minecraft:cactus":2,"minecraft:command_block":1,"minecraft:rotten_flesh":152,"minecraft:cooked_cod":8,"minecraft:diamond_boots":19,"minecraft:iron_block":1,"minecraft:saddle":7,"minecraft:gold_ingot":36,"minecraft:white_shulker_box":14,"minecraft:white_wool":1,"minecraft:cobblestone":237,"minecraft:leather_chestplate":4,"minecraft:barrier":2,"minecraft:cooked_beef":16,"minecraft:repeater":71,"minecraft:golden_carrot":20,"minecraft:andesite":2,"minecraft:gunpowder":117,"minecraft:dirt":60,"minecraft:polished_granite":1,"minecraft:leather_boots":1,"minecraft:sign":18,"minecraft:glass":1,"minecraft:bone":188,"minecraft:apple":13,"minecraft:kelp":455,"minecraft:bow":6,"minecraft:wheat_seeds":11,"minecraft:heart_of_the_sea":3,"minecraft:iron_ingot":31,"minecraft:iron_ore":11,"minecraft:diamond_helmet":20,"minecraft:iron_sword":8,"minecraft:chain_command_block":1,"minecraft:cooked_porkchop":7,"minecraft:gravel":2,"minecraft:sand":328,"minecraft:dead_bush":2,"minecraft:grass_block":1,"minecraft:spruce_log":1,"minecraft:gold_ore":2,"minecraft:sea_lantern":3,"minecraft:spider_eye":14,"minecraft:leather_helmet":3,"minecraft:polished_andesite":1,"minecraft:firework_rocket":24,"minecraft:black_concrete_powder":27,"minecraft:diamond":9,"minecraft:polished_diorite":1,"minecraft:granite":38,"minecraft:golden_apple":10,"minecraft:golden_horse_armor":5,"minecraft:emerald":32,"minecraft:oak_button":1,"minecraft:coal":7},"minecraft:used":{"minecraft:oak_fence":4,"minecraft:jack_o_lantern":2,"minecraft:orange_concrete_powder":1,"minecraft:blue_terracotta":17,"minecraft:iron_bars":13,"minecraft:enchanting_table":2,"minecraft:orange_concrete":8,"minecraft:brain_coral_fan":2,"minecraft:dispenser":2,"minecraft:ladder":46,"minecraft:red_concrete":6,"minecraft:spruce_slab":154,"minecraft:redstone":580,"minecraft:diamond_hoe":531,"minecraft:mycelium":4,"minecraft:black_carpet":189,"minecraft:white_concrete_powder":172,"minecraft:spruce_planks":35,"minecraft:chest":9,"minecraft:stone":3315,"minecraft:stripped_jungle_wood":4,"minecraft:white_shulker_box":16,"minecraft:quartz_stairs":24,"minecraft:bubble_coral":4,"minecraft:player_head":59,"minecraft:structure_block":15,"minecraft:farmland":21,"minecraft:tube_coral":2,"minecraft:torch":45,"minecraft:soul_sand":17,"minecraft:dirt":75,"minecraft:anvil":5,"minecraft:hopper":66,"minecraft:spruce_stairs":37,"minecraft:cobblestone_wall":7,"minecraft:oak_wood":13,"minecraft:pink_terracotta":5,"minecraft:spruce_fence":199,"minecraft:granite":7,"minecraft:nether_brick_stairs":33,"minecraft:dark_oak_planks":1,"minecraft:stripped_spruce_log":1,"minecraft:obsidian":437,"minecraft:polished_diorite":3,"minecraft:red_shulker_box":1,"minecraft:spruce_boat":1,"minecraft:red_sandstone_stairs":4,"minecraft:birch_door":3,"minecraft:iron_hoe":4,"minecraft:stone_brick_slab":16,"minecraft:glass":11,"minecraft:sea_lantern":127,"minecraft:coal_ore":4,"minecraft:quartz_pillar":4,"minecraft:quartz_slab":8,"minecraft:red_wool":3,"minecraft:spruce_wood":55,"minecraft:iron_block":2063,"minecraft:grass_block":263,"minecraft:oak_stairs":15,"minecraft:spruce_button":51,"minecraft:orange_shulker_box":1,"minecraft:dark_oak_slab":43,"minecraft:gray_concrete_powder":42,"minecraft:smooth_quartz":107,"minecraft:stone_brick_stairs":156,"minecraft:stone_bricks":209,"minecraft:repeater":491,"minecraft:purple_concrete":13,"minecraft:glowstone":9,"minecraft:magma_block":54,"minecraft:dolphin_spawn_egg":37,"minecraft:lime_concrete":5,"minecraft:black_stained_glass":50,"minecraft:gray_glazed_terracotta":1,"minecraft:emerald_block":20,"minecraft:jungle_button":1,"minecraft:iron_trapdoor":2,"minecraft:gold_block":44,"minecraft:stone_pressure_plate":2,"minecraft:fire_coral_fan":7,"minecraft:dragon_head":2,"minecraft:emerald_ore":11,"minecraft:observer":10,"minecraft:orange_terracotta":2,"minecraft:seagrass":31,"minecraft:stripped_spruce_wood":33,"minecraft:magenta_shulker_box":1,"minecraft:water_bucket":925,"minecraft:brain_coral_block":63,"minecraft:turtle_spawn_egg":10,"minecraft:light_blue_carpet":7,"minecraft:dark_oak_stairs":1,"minecraft:light_blue_shulker_box":1,"minecraft:wheat_seeds":539,"minecraft:tube_coral_fan":8,"minecraft:diorite":92,"minecraft:mossy_stone_bricks":42,"minecraft:end_rod":5,"minecraft:iron_ore":2,"minecraft:tube_coral_block":60,"minecraft:dropper":26,"minecraft:yellow_shulker_box":1,"minecraft:acacia_trapdoor":104,"minecraft:lime_wool":2,"minecraft:oak_planks":8,"minecraft:bubble_coral_fan":13,"minecraft:lily_pad":19,"minecraft:cactus":2,"minecraft:red_mushroom_block":2,"minecraft:black_shulker_box":2,"minecraft:cut_sandstone":1,"minecraft:redstone_block":605,"minecraft:llama_spawn_egg":4,"minecraft:diamond_axe":2,"minecraft:beacon":4,"minecraft:sheep_spawn_egg":2,"minecraft:cobblestone_slab":29,"minecraft:purpur_pillar":1,"minecraft:cracked_stone_bricks":37,"minecraft:vine":1,"minecraft:diamond_block":8,"minecraft:brain_coral":5,"minecraft:white_wool":64,"minecraft:mossy_cobblestone":9,"minecraft:dark_oak_trapdoor":12,"minecraft:purpur_stairs":1,"minecraft:lime_terracotta":5,"minecraft:sand":228,"minecraft:stripped_dark_oak_log":32,"minecraft:comparator":68,"minecraft:light_blue_concrete":1,"minecraft:tnt":31,"minecraft:crafting_table":1,"minecraft:phantom_spawn_egg":10,"minecraft:black_banner":2,"minecraft:yellow_concrete":52,"minecraft:sponge":202,"minecraft:light_gray_concrete_powder":701,"minecraft:lingering_potion":4,"minecraft:fire_coral":10,"minecraft:lime_shulker_box":2,"minecraft:black_concrete_powder":29,"minecraft:spruce_log":29,"minecraft:dark_oak_door":2,"minecraft:mushroom_stem":1,"minecraft:sticky_piston":56,"minecraft:redstone_torch":97,"minecraft:birch_fence":39,"minecraft:oak_log":29,"minecraft:black_terracotta":3,"minecraft:piston":28,"minecraft:green_concrete":30,"minecraft:lever":6,"minecraft:black_concrete":49,"minecraft:firework_rocket":5,"minecraft:diamond_shovel":13,"minecraft:acacia_door":1,"minecraft:stripped_jungle_log":31,"minecraft:dark_oak_log":4,"minecraft:command_block":361,"minecraft:birch_slab":10,"minecraft:barrier":18,"minecraft:oak_button":7,"minecraft:stone_button":151,"minecraft:lapis_ore":3,"minecraft:sign":183,"minecraft:magenta_concrete":1,"minecraft:stone_slab":118,"minecraft:polished_granite":116,"minecraft:spruce_trapdoor":80,"minecraft:diamond_ore":14,"minecraft:gravel":128,"minecraft:fire_charge":5,"minecraft:nether_wart_block":34,"minecraft:diamond_sword":35,"minecraft:fire_coral_block":44,"minecraft:cobblestone":45,"minecraft:potion":9,"minecraft:bubble_coral_block":49,"minecraft:andesite":85,"minecraft:dark_oak_fence":2,"minecraft:lapis_block":4,"minecraft:white_stained_glass":28,"minecraft:sandstone_slab":3,"minecraft:chain_command_block":360,"minecraft:glass_pane":1,"minecraft:grass_path":71,"minecraft:repeating_command_block":97,"minecraft:sea_pickle":847,"minecraft:kelp":346,"minecraft:tropical_fish_bucket":4,"minecraft:coarse_dirt":2,"minecraft:splash_potion":80,"minecraft:brown_mushroom_block":2,"minecraft:bone_meal":2727},"minecraft:dropped":{"minecraft:diamond_leggings":5,"minecraft:tropical_fish":1,"minecraft:elytra":4,"minecraft:diamond_helmet":5,"minecraft:potion":2,"minecraft:redstone_block":1,"minecraft:structure_block":1,"minecraft:diamond_sword":1,"minecraft:diamond_chestplate":1,"minecraft:diamond_boots":2,"minecraft:firework_rocket":384},"minecraft:mined":{"minecraft:orange_bed":1},"minecraft:crafted":{"minecraft:orange_shulker_box":1,"minecraft:magenta_shulker_box":1,"minecraft:yellow_shulker_box":1,"minecraft:red_shulker_box":1,"minecraft:black_shulker_box":1,"minecraft:lime_shulker_box":1,"minecraft:light_blue_shulker_box":1}},"DataVersion":1631}