{
  "pools": [{
      "rolls": {
        "min": 1,
        "max": 2
      },
      "entries": [{
          "type": "item",
          "name": "minecraft:wooden_sword",
          "weight": 25
        },
        {
          "type": "item",
          "name": "minecraft:bow",
          "weight": 20
        },
        {
          "type": "item",
          "name": "minecraft:stone_sword",
          "weight": 10
        },
        {
          "type": "item",
          "name": "minecraft:arrow",
          "weight": 20,
          "functions": [{
            "function": "set_count",
            "count": {
              "min": 3,
              "max": 9
            }
          }]
        }
      ]
    },
    {
      "rolls": {
        "min": 1,
        "max": 3
      },
      "entries": [{
          "type": "item",
          "name": "minecraft:leather_helmet",
          "weight": 30
        },
        {
          "type": "item",
          "name": "minecraft:leather_chestplate",
          "weight": 15
        },
        {
          "type": "item",
          "name": "minecraft:leather_leggings",
          "weight": 25
        },
        {
          "type": "item",
          "name": "minecraft:leather_boots",
          "weight": 20
        },
        {
          "type": "item",
          "name": "minecraft:shield",
          "weight": 15
        },
        {
          "type": "item",
          "name": "minecraft:golden_helmet",
          "weight": 1
        },
        {
          "type": "item",
          "name": "minecraft:arrow",
          "weight": 20,
          "functions": [{
            "function": "set_count",
            "count": {
              "min": 3,
              "max": 9
            }
          }]
        }
      ]
    },
    {
      "rolls": {
        "min": 3,
        "max": 5
      },
      "entries": [{
          "type": "item",
          "name": "minecraft:apple",
          "weight": 20,
          "functions": [{
            "function": "set_count",
            "count": {
              "min": 1,
              "max": 3
            }
          }]
        },
        {
          "type": "item",
          "name": "minecraft:potion",
          "weight": 15,
          "functions": [{
            "function": "set_nbt",
            "tag": "{Potion:\"minecraft:water_breathing\"}"
          }]
        },
        {
          "type": "item",
          "name": "minecraft:dead_bush",
          "weight": 5
        },
        {
          "type": "item",
          "name": "minecraft:cooked_porkchop",
          "weight": 10,
          "functions": [{
            "function": "set_count",
            "count": {
              "min": 1,
              "max": 2
            }
          }]
        },
        {
          "type": "item",
          "name": "minecraft:carrot",
          "weight": 10,
          "functions": [{
            "function": "set_count",
            "count": {
              "min": 1,
              "max": 3
            }
          }]
        },
        {
          "type": "item",
          "name": "minecraft:potion",
          "weight": 5,
          "functions": [{
            "function": "set_nbt",
            "tag": "{Potion:\"minecraft:invisibility\"}"
          }]
        },
        {
          "type": "item",
          "name": "minecraft:poppy",
          "weight": 1
        }
      ]
    }
  ]
}
