{
  "pools": [{
      "rolls": {
        "min": 0,
        "max": 1
      },
      "entries": [{
        "type": "item",
        "name": "minecraft:elytra",
        "weight": 100
      }]
    },
    {
      "rolls": 1,
      "entries": [{
        "type": "item",
        "name": "minecraft:firework_rocket",
        "weight": 20,
        "functions": [{
          "function": "set_count",
          "count": {
            "min": 10,
            "max": 18
          }
        }]
      }]
    },
    {
      "rolls": 2,
      "entries": [{
          "type": "item",
          "name": "minecraft:arrow",
          "weight": 30,
          "functions": [{
            "function": "set_count",
            "count": {
              "min": 24,
              "max": 32
            }
          }]
        },
        {
          "type": "item",
          "name": "minecraft:tipped_arrow",
          "weight": 20,
          "functions": [{
              "function": "set_nbt",
              "tag": "{Potion:\"minecraft:harming\"}"
            },
            {
              "function": "set_count",
              "count": {
                "min": 2,
                "max": 5
              }
            }
          ]
        },
        {
          "type": "item",
          "name": "minecraft:tipped_arrow",
          "weight": 20,
          "functions": [{
              "function": "set_nbt",
              "tag": "{Potion:\"minecraft:harming\"}"
            },
            {
              "function": "set_count",
              "count": {
                "min": 2,
                "max": 10
              }
            }
          ]
        }
      ]
    },
    {
      "rolls": 1,
      "entries": [{
          "type": "item",
          "name": "minecraft:diamond_sword",
          "weight": 40
        },
        {
          "type": "item",
          "name": "minecraft:diamond_sword",
          "weight": 10,
          "functions": [{
            "function": "enchant_randomly"
          }]
        },
        {
          "type": "item",
          "name": "minecraft:bow",
          "weight": 25,
          "functions": [{
            "function": "enchant_randomly"
          }]
        }
      ]
    },
    {
      "rolls": {
        "min": 1,
        "max": 2
      },
      "entries": [{
          "type": "item",
          "name": "minecraft:diamond_helmet",
          "weight": 25
        },
        {
          "type": "item",
          "name": "minecraft:diamond_chestplate",
          "weight": 25
        },
        {
          "type": "item",
          "name": "minecraft:diamond_boots",
          "weight": 25
        },
        {
          "type": "item",
          "name": "minecraft:diamond_leggings",
          "weight": 25
        },
        {
          "type": "item",
          "name": "minecraft:iron_chestplate",
          "weight": 10,
          "functions": [{
            "function": "enchant_randomly"
          }]
        },
        {
          "type": "item",
          "name": "minecraft:iron_helmet",
          "weight": 15,
          "functions": [{
            "function": "enchant_randomly"
          }]
        },
        {
          "type": "item",
          "name": "minecraft:iron_leggings",
          "weight": 15,
          "functions": [{
            "function": "enchant_randomly"
          }]
        },
        {
          "type": "item",
          "name": "minecraft:diamond_chestplate",
          "weight": 5,
          "functions": [{
            "function": "enchant_randomly"
          }]
        }
      ]
    },
    {
      "rolls": {
        "min": 2,
        "max": 4
      },
      "entries": [{
          "type": "item",
          "name": "minecraft:golden_apple",
          "weight": 20
        },
        {
          "type": "item",
          "name": "minecraft:enchanted_golden_apple",
          "weight": 5
        },
        {
          "type": "item",
          "name": "minecraft:cooked_beef",
          "weight": 40,
          "functions": [{
            "function": "set_count",
            "count": {
              "min": 5,
              "max": 8
            }
          }]
        },
        {
          "type": "item",
          "name": "minecraft:golden_carrot",
          "weight": 30,
          "functions": [{
            "function": "set_count",
            "count": {
              "min": 5,
              "max": 8
            }
          }]
        }
      ]
    },
    {
      "rolls": {
        "min": 1,
        "max": 3
      },
      "entries": [{
          "type": "item",
          "name": "minecraft:lingering_potion",
          "weight": 30,
          "functions": [{
            "function": "set_nbt",
            "tag": "{Potion:\"minecraft:strong_poison\"}"
          }]
        },
        {
          "type": "item",
          "name": "minecraft:splash_potion",
          "weight": 30,
          "functions": [{
            "function": "set_nbt",
            "tag": "{Potion:\"minecraft:regeneration\"}"
          }]
        },
        {
          "type": "item",
          "name": "minecraft:potion",
          "weight": 25,
          "functions": [{
            "function": "set_nbt",
            "tag": "{Potion:\"minecraft:healing\"}"
          }]
        }
      ]
    }
  ]
}
