{
  "pools": [{
  "rolls": {
        "min": 0,
        "max": 1
      },
      "entries": [
        {
          "type": "item",
          "name": "minecraft:elytra",
          "weight": 40
        }
		]
	},
	{
    "rolls": {
      "min": 1,
      "max": 2
    },
    "entries": [{
        "type": "item",
        "name": "minecraft:golden_sword",
        "weight": 25,
        "functions": [{
          "function": "enchant_randomly"
        }]
      },
      {
        "type": "item",
        "name": "minecraft:wooden_sword",
        "weight": 15,
        "functions": [{
          "function": "enchant_randomly"
        }]
      },
      {
        "type": "item",
        "name": "minecraft:iron_sword",
        "weight": 20,
        "functions": [{
            "function": "enchant_randomly"
          },
          {
            "function": "set_damage",
            "damage": {
              "min": 0,
              "max": 0.3
            }
          }
        ]
      },
      {
        "type": "item",
        "name": "minecraft:bow",
        "weight": 15,
        "functions": [{
          "function": "enchant_randomly"
        }]
      },
      {
        "type": "item",
        "name": "minecraft:tipped_arrow",
        "weight": 15,
        "functions": [{
            "function": "set_nbt",
            "tag": "{Potion:\"minecraft:weakness\"}"
          },
          {
            "function": "set_count",
            "count": {
              "min": 1,
              "max": 4
            }
          }
        ]
      },
      {
        "type": "item",
        "name": "minecraft:diamond_sword",
        "weight": 5
      }
    ]
  }, {
    "rolls": {
      "min": 1,
      "max": 3
    },
    "entries": [{
        "type": "item",
        "name": "minecraft:iron_helmet",
        "weight": 15
      },
      {
        "type": "item",
        "name": "minecraft:iron_chestplate",
        "weight": 25
      },
      {
        "type": "item",
        "name": "minecraft:iron_leggings",
        "weight": 20
      },
      {
        "type": "item",
        "name": "minecraft:iron_boots",
        "weight": 25,
        "functions": [{
          "function": "enchant_randomly"
        }]
      },
      {
        "type": "item",
        "name": "minecraft:leather_chestplate",
        "weight": 20,
        "functions": [{
          "function": "enchant_randomly"
        }]
      },
      {
        "type": "item",
        "name": "minecraft:golden_chestplate",
        "weight": 15,
        "functions": [{
          "function": "enchant_randomly"
        }]
      }
    ]
  }, {
    "rolls": {
      "min": 3,
      "max": 5
    },
    "entries": [{
        "type": "item",
        "name": "minecraft:potion",
        "weight": 15,
        "functions": [{
          "function": "set_nbt",
          "tag": "{Potion:\"minecraft:regeneration\"}"
        }]
      },
      {
        "type": "item",
        "name": "minecraft:cake",
        "weight": 20
      },
      {
        "type": "item",
        "name": "minecraft:tipped_arrow",
        "weight": 20,
        "functions": [{
          "function": "set_nbt",
          "tag": "{Potion:\"minecraft:poison\"}"
        }]
      },
      {
        "type": "item",
        "name": "minecraft:potion",
        "weight": 20,
        "functions": [{
          "function": "set_nbt",
          "tag": "{Potion:\"minecraft:leaping\"}"
        }]
      },
      {
        "type": "item",
        "name": "minecraft:splash_potion",
        "weight": 15,
        "functions": [{
          "function": "set_nbt",
          "tag": "{Potion:\"minecraft:long_weakness\"}"
        }]
      },
      {
        "type": "item",
        "name": "minecraft:potion",
        "weight": 20,
        "functions": [{
          "function": "set_nbt",
          "tag": "{Potion:\"minecraft:night_vision\"}"
        }]
      }
    ]
  }]
}