{
  "pools": [{
    "rolls": {
      "min": 1,
      "max": 5
    },
    "entries": [{
        "type": "item",
        "name": "minecraft:wooden_sword",
        "weight": 20
      },
      {
        "type": "item",
        "name": "minecraft:shield",
        "weight": 5
      },
      {
        "type": "item",
        "name": "minecraft:bow",
        "weight": 15
      },
      {
        "type": "item",
        "name": "minecraft:arrow",
        "weight": 15,
        "functions": [{
          "function": "set_count",
          "count": {
            "min": 2,
            "max": 6
          }
        }]
      },
      {
        "type": "item",
        "name": "minecraft:carrot",
        "weight": 10,
        "functions": [{
          "function": "set_count",
          "count": {
            "min": 1,
            "max": 3
          }
        }]
      },
      {
        "type": "item",
        "name": "minecraft:leather_leggings",
        "weight": 10
      },
      {
        "type": "item",
        "name": "minecraft:trident",
        "weight": 1
      }
    ]
  }]
}