﻿{
  "pools": [
    {
      "rolls": {
        "min": 1,
        "max": 2
      },
      "entries": [
        {
          "type": "item",
          "name": "minecraft:iron_sword",
          "weight": 15
        },
        {
          "type": "item",
          "name": "minecraft:stone_sword",
          "weight": 50
        },
        {
          "type": "item",
          "name": "minecraft:wooden_sword",
          "weight": 5,
          "functions": [
            {
              "function": "enchant_randomly",
              "enchantments": [
                "knockback",
                "fire_aspect"
              ]
            },
            {
              "function": "set_damage",
              "damage": {
                "min": 0,
                "max": 0.3
              }
            }
          ]
        },
        {
          "type": "item",
          "name": "minecraft:bow",
          "weight": 15,
          "functions": [
            {
              "function": "enchant_randomly",
              "enchantments": [
                "power"
              ]
            }
          ]
        },
        {
          "type": "item",
          "name": "minecraft:tipped_arrow",
          "weight": 15,
          "functions": [
            {
              "function": "set_nbt",
              "tag": "{Potion:\"minecraft:harming\"}"
            },
            {
              "function": "set_count",
              "count": {
                "min": 1,
                "max": 4
              }
            }
          ]
        }
      ]
    },
    {
      "rolls": {
        "min": 1,
        "max": 3
      },
      "entries": [
        {
          "type": "item",
          "name": "minecraft:iron_chestplate",
          "weight": 25
        },
        {
          "type": "item",
          "name": "minecraft:iron_leggings",
          "weight": 15
        },
        {
          "type": "item",
          "name": "minecraft:leather_leggings",
          "weight": 25
        },
        {
          "type": "item",
          "name": "minecraft:leather_chestplate",
          "weight": 25,
          "functions": [
            {
              "function": "enchant_randomly",
              "enchantments": [
                "protection"
              ]
            }
          ]
        },
        {
          "type": "item",
          "name": "minecraft:shield",
          "weight": 15
        },
        {
          "type": "item",
          "name": "minecraft:golden_boots",
          "weight": 1,
          "quality": 15,
          "functions": [
            {
              "function": "enchant_randomly",
              "enchantments": [
                "feather_falling"
              ]
            }
          ]
        }
      ]
    },
    {
      "rolls": {
        "min": 3,
        "max": 5
      },
      "entries": [
        {
          "type": "item",
          "name": "minecraft:cooked_porkchop",
          "weight": 15
        },
        {
          "type": "item",
          "name": "minecraft:potion",
          "weight": 45,
          "functions": [
            {
              "function": "set_nbt",
              "tag": "{Potion:\"minecraft:leaping\"}"
            }
          ]
        },
        {
          "type": "item",
          "name": "minecraft:lingering_potion",
          "weight": 35,
          "functions": [
            {
              "function": "set_nbt",
              "tag": "{Potion:\"minecraft:water_breathing\"}"
            }
          ]
        },
        {
          "type": "item",
          "name": "minecraft:firework_rocket",
          "weight": 10,
          "functions": [
            {
              "function": "set_count",
              "count": {
                "min": 1,
                "max": 5
              }
            }
          ]
        },
        {
          "type": "item",
          "name": "minecraft:arrow",
          "weight": 15,
          "functions": [
            {
              "function": "set_count",
              "count": {
                "min": 2,
                "max": 5
              }
            }
          ]
        },
        {
          "type": "item",
          "name": "minecraft:cake",
          "weight": 5
        },
        {
          "type": "item",
          "name": "minecraft:red_mushroom",
          "weight": 15
        }
      ]
    }
  ]
}